{"cameraMode":{"drawMode":0,"name":"Shaded","section":"Shading Mode"},"sceneLighting":false,"audioPlay":false,"sceneViewState":{"m_AlwaysRefresh":false,"showFog":true,"showSkybox":false,"showFlares":true,"showImageEffects":true,"showParticleSystems":true,"showVisualEffectGraphs":true,"m_FxEnabled":true},"in2DMode":false,"pivot":{"x":4.2039384841918949,"y":1.7940645217895508,"z":4.991592884063721},"rotation":{"x":-0.12372902780771256,"y":-0.12882186472415925,"z":0.016199328005313875,"w":-0.9837924838066101},"size":1.737584114074707,"orthographic":false}