{"cameraMode":{"drawMode":0,"name":"Shaded","section":"Shading Mode"},"sceneLighting":true,"audioPlay":false,"sceneViewState":{"m_AlwaysRefresh":false,"showFog":true,"showSkybox":true,"showFlares":true,"showImageEffects":true,"showParticleSystems":true,"showVisualEffectGraphs":true,"m_FxEnabled":true},"in2DMode":false,"pivot":{"x":1.9446682929992676,"y":24.779197692871095,"z":9.018099784851075},"rotation":{"x":-0.2752344012260437,"y":-0.12045104801654816,"z":0.03477960452437401,"w":-0.9531694054603577},"size":0.8660253882408142,"orthographic":false}