{"cameraMode":{"drawMode":0,"name":"Shaded","section":"Shading Mode"},"sceneLighting":true,"audioPlay":false,"sceneViewState":{"m_AlwaysRefresh":false,"showFog":true,"showSkybox":true,"showFlares":true,"showImageEffects":true,"showParticleSystems":true,"showVisualEffectGraphs":true,"m_FxEnabled":true},"in2DMode":false,"pivot":{"x":2.1524276733398439,"y":4.152881145477295,"z":-0.9341278672218323},"rotation":{"x":0.5210235714912415,"y":0.0255981907248497,"z":-0.015635404735803605,"w":0.8530163168907166},"size":7.098270416259766,"orthographic":false}