{"cameraMode":{"drawMode":0,"name":"Shaded","section":"Shading Mode"},"sceneLighting":false,"audioPlay":false,"sceneViewState":{"m_AlwaysRefresh":false,"showFog":true,"showSkybox":false,"showFlares":true,"showImageEffects":true,"showParticleSystems":true,"showVisualEffectGraphs":true,"m_FxEnabled":true},"in2DMode":false,"pivot":{"x":-12.275181770324707,"y":1.405522108078003,"z":2.53288197517395},"rotation":{"x":0.15741866827011109,"y":-0.020726457238197328,"z":0.0033063662704080345,"w":0.9873133301734924},"size":1.2869089841842652,"orthographic":false}