{"cameraMode":{"drawMode":0,"name":"Shaded","section":"Shading Mode"},"sceneLighting":false,"audioPlay":false,"sceneViewState":{"m_AlwaysRefresh":false,"showFog":true,"showSkybox":false,"showFlares":true,"showImageEffects":true,"showParticleSystems":true,"showVisualEffectGraphs":true,"m_FxEnabled":true},"in2DMode":false,"pivot":{"x":9.553512573242188,"y":1.8096786737442017,"z":6.123156547546387},"rotation":{"x":0.001419898821040988,"y":-0.33960065245628359,"z":0.0005141665460541844,"w":0.940579891204834},"size":0.8660253882408142,"orthographic":false}